A,B,C,D
82.7726,165.545,87.3825,174.765
58.8495,117.699,74.5,149
30.6986,61.3972,1.43852,2.87704
79.5177,159.035,19.5601,39.1201
43.088,86.1759,71.9465,143.893
59.6552,119.31,36.8698,73.7395
50.5052,101.01,70.9931,141.986
45.519,91.038,22.0578,44.1155
89.2596,178.519,92.8457,185.691
30.0833,60.1667,75.3167,150.633
14.5316,29.0632,9.9814,19.9628
52.9039,105.808,76.2645,152.529
88.5418,177.084,28.9509,57.9017
65.9731,131.946,53.5115,107.023
63.9199,127.84,18.416,36.832
34.6529,69.3058,21.7733,43.5466
13.3023,26.6047,39.9811,79.9621
30.2642,60.5283,73.6541,147.308
70.6282,141.256,11.0844,22.1688
94.4655,188.931,54.8894,109.779
83.4048,166.81,90.5,181
49.3787,98.7574,97.62,195.24
74.8112,149.622,59.8564,119.713
17.2963,34.5927,80.766,161.532
47.3953,94.7905,97.0905,194.181
29.9095,59.819,36.9958,73.9916
27.5052,55.0105,40.5526,81.1053
48.9937,97.9875,26.0173,52.0346
82.9641,165.928,2.41443,4.82885
94.1163,188.233,77.1379,154.276
85.1098,170.22,90.1908,180.382
45.4313,90.8626,85.1184,170.237
63.788,127.576,3.60733,7.21466
64.846,129.692,7.46042,14.9208
10.2468,20.4936,14.2704,28.5408
18.6403,37.2806,56.6735,113.347
69.7184,139.437,53.3237,106.647
50.8927,101.785,34.9735,69.947
11.7054,23.4107,65.2341,130.468
66.6931,133.386,31.965,63.9299
3.94081,7.88162,46.9021,93.8043
18.5047,37.0094,66.3608,132.722
49.4088,98.8175,72.7523,145.505
77.3614,154.723,72.5896,145.179
47.6825,95.365,41.4727,82.9455
89.3313,178.663,23.3811,46.7622
28.6057,57.2113,49.5193,99.0385
43.2799,86.5597,95.0477,190.095
32.4192,64.8383,65.7541,131.508
84.1524,168.305,17.9746,35.9491
9.33068,18.6614,53.8021,107.604
69.7012,139.402,24.2379,48.4758
93.6468,187.294,90.5672,181.134
23.9329,47.8657,91.6104,183.221
29.674,59.348,14.0054,28.0109
65.7602,131.52,56.1972,112.394
23.4965,46.9929,33.5746,67.1493
12.1459,24.2917,37.525,75.0501
75.4264,150.853,89.3192,178.638
75.373,150.746,46.3351,92.6702
39.6689,79.3378,97.3077,194.615
25.4467,50.8934,3.89429,7.78857
7.19614,14.3923,79.1519,158.304
73.6078,147.216,12.1855,24.371
67.6709,135.342,33.2288,66.4576
83.7124,167.425,9.05965,18.1193
46.5074,93.0148,94.5964,189.193
18.9952,37.9903,51.6993,103.399
37.211,74.422,32.374,64.7479
99.8099,199.62,90.3995,180.799
29.2979,58.5959,33.0496,66.0992
19.3325,38.665,94.9933,189.987
23.7268,47.4536,6.3755,12.751
89.9062,179.812,76.7555,153.511
17.6109,35.2218,1.02121,2.04243
33.5595,67.119,12.4539,24.9078
66.8856,133.771,63.2695,126.539
72.0313,144.063,84.6289,169.258
53.2884,106.577,16.1654,32.3308
73.0497,146.099,39.3117,78.6235
52.817,105.634,67.8423,135.685
76.2946,152.589,68.6189,137.238
59.0463,118.093,76.5571,153.114
45.3591,90.7181,22.8951,45.7902
59.2914,118.583,42.6072,85.2145
17.7472,35.4943,76.1964,152.393
64.8954,129.791,8.92547,17.8509
16.8657,33.7315,99.3101,198.62
60.0084,120.017,75.4209,150.842
6.21526,12.4305,60.9013,121.803
2.66312,5.32625,95.3179,190.636
27.7443,55.4885,83.4806,166.961
5.45168,10.9034,41.014,82.028
20.9219,41.8438,53.2269,106.454
1.27484,2.54968,0.479696,0.959391
28.712,57.4241,32.1801,64.3603
84.7295,169.459,45.6557,91.3114
23.1875,46.3751,35.5512,71.1025
81.5358,163.072,87.0434,174.087
62.244,124.488,42.2694,84.5388
26.7205,53.4411,89.7809,179.562
95.0386,190.077,55.7547,111.509
59.9043,119.809,12.6762,25.3524
38.1735,76.3471,43.7467,87.4934
11.3374,22.6748,21.3497,42.6994
98.6785,197.357,7.08912,14.1782
4.42843,8.85687,82.6322,165.264
28.9462,57.8924,81.5917,163.183
57.0909,114.182,89.2186,178.437
46.6616,93.3232,26.226,52.452
2.77836,5.55672,98.4995,196.999
3.31949,6.63899,38.8929,77.7858
60.9111,121.822,6.51778,13.0356
9.68258,19.3652,90.1848,180.37
84.3291,168.658,19.6427,39.2854
31.3415,62.683,47.076,94.152
78.6287,157.257,7.35361,14.7072
86.7926,173.585,36.8345,73.6689
97.8637,195.727,4.65677,9.31354
2.77033,5.54066,35.0819,70.1638
79.4767,158.953,73.9519,147.904
64.8459,129.692,98.9332,197.866
69.3653,138.731,69.5242,139.048
33.2584,66.5168,29.3399,58.6799
24.6982,49.3964,36.8133,73.6267
20.9394,41.8789,7.08591,14.1718
81.2078,162.416,87.364,174.728
31.8878,63.7757,83.9428,167.886
22.3364,44.6727,65.5171,131.034
14.3413,28.6825,34.0124,68.0248
67.0323,134.065,34.9259,69.8517
51.6878,103.376,30.6221,61.2441
82.5201,165.04,0.409361,0.818722
76.4868,152.974,85.0627,170.125
70.363,140.726,82.4165,164.833
86.33,172.66,79.9108,159.822
34.3997,68.7994,66.5992,133.198
13.046,26.0921,72.2121,144.424
39.2462,78.4923,93.8762,187.752
42.9582,85.9164,79.4832,158.966
45.9449,91.8898,68.783,137.566
26.2203,52.4406,48.3221,96.6441
91.0057,182.011,97.7309,195.462
4.54586,9.09171,14.8931,29.7862
31.6972,63.3944,55.8305,111.661
84.1032,168.206,25.8653,51.7305
79.5412,159.082,67.4585,134.917
45.9872,91.9745,87.6645,175.329
36.8097,73.6193,75.612,151.224
74.8806,149.761,52.6358,105.272
85.8627,171.725,66.466,132.932
86.0274,172.055,90.5372,181.074
39.7953,79.5907,29.6212,59.2425
90.3173,180.635,31.4363,62.8726
29.7343,59.4686,93.0576,186.115
80.075,160.15,54.6155,109.231
62.557,125.114,14.8917,29.7833
87.9038,175.808,46.1031,92.2063
99.4625,198.925,87.5345,175.069
91.8577,183.715,82.3848,164.77
83.5477,167.095,79.0332,158.066
59.8848,119.77,46.6656,93.3312
22.131,44.262,74.7622,149.524
94.1316,188.263,65.0893,130.179
62.8025,125.605,6.40064,12.8013
79.091,158.182,82.8568,165.714
32.4475,64.895,28.1102,56.2204
60.2275,120.455,62.8327,125.665
37.1709,74.3418,64.6797,129.359
12.2724,24.5449,86.7437,173.487
21.162,42.324,8.09766,16.1953
32.4751,64.9503,38.4481,76.8963
33.3818,66.7635,96.1893,192.379
87.9065,175.813,15.0405,30.0809
45.0107,90.0215,30.5402,61.0805
23.7289,47.4577,69.1464,138.293
96.4058,192.812,63.079,126.158
23.4406,46.8811,27.491,54.9819
24.2358,48.4717,51.0603,102.121
38.5179,77.0359,68.8113,137.623
15.4327,30.8654,49.3138,98.6276
74.823,149.646,16.3065,32.613
24.5347,49.0694,6.30326,12.6065
84.5441,169.088,73.9628,147.926
87.4696,174.939,6.44954,12.8991
69.5529,139.106,39.0252,78.0505
22.7768,45.5536,72.4494,144.899
92.8184,185.637,3.20345,6.40691
51.7531,103.506,82.3078,164.616
39.3756,78.7512,1.97102,3.94205
70.9045,141.809,86.8195,173.639
55.5208,111.042,58.1112,116.222
60.8203,121.641,99.7213,199.443
96.8128,193.626,86.1439,172.288
67.0515,134.103,96.1518,192.304
4.51456,9.02912,88.8485,177.697
26.3002,52.6005,23.7994,47.5989
12.1816,24.3632,57.1418,114.284
83.3418,166.684,66.8747,133.749
37.2203,74.4406,36.6707,73.3415
12.6184,25.2367,57.3186,114.637
38.8828,77.7656,77.4248,154.85
11.4776,22.9551,57.8335,115.667
52.239,104.478,68.2703,136.541
38.0882,76.1764,20.9603,41.9206
25.1054,50.2108,9.30083,18.6017
56.3559,112.712,17.4442,34.8885
0.955608,1.91122,53.9937,107.987
26.739,53.478,28.7196,57.4392
20.5792,41.1583,88.8652,177.73
46.3468,92.6935,30.001,60.0021
66.2852,132.57,65.3509,130.702
78.1589,156.318,68.1961,136.392
87.1986,174.397,47.2905,94.5809
44.4015,88.8031,24.6344,49.2688
31.8607,63.7214,92.4167,184.833
46.3557,92.7114,28.1678,56.3356
77.929,155.858,0.420036,0.840073
31.2501,62.5002,78.5608,157.122
29.4565,58.9131,75.6466,151.293
8.94834,17.8967,65.9011,131.802
52.2957,104.591,37.4354,74.8707
83.8134,167.627,92.6483,185.297
90.5109,181.022,85.737,171.474
87.6856,175.371,70.4712,140.942
97.5002,195,87.2849,174.57
60.7456,121.491,60.3296,120.659
96.7874,193.575,80.0357,160.071
24.9722,49.9445,49.6864,99.3727
19.71,39.42,63.7207,127.441
25.9847,51.9693,93.8334,187.667
12.6114,25.2229,76.9052,153.81
53.4334,106.867,77.6684,155.337
89.3801,178.76,19.2386,38.4771
24.4827,48.9654,96.7588,193.518
55.8453,111.691,96.0137,192.027
37.9833,75.9666,47.3276,94.6553
6.05309,12.1062,19.9313,39.8625
94.0854,188.171,13.8819,27.7637
31.4809,62.9618,21.7436,43.4873
26.8765,53.753,0.814157,1.62831
65.9303,131.861,45.7957,91.5915
0.335392,0.670784,96.0038,192.008
47.7375,95.475,77.7434,155.487
79.4432,158.886,17.9567,35.9134
92.0587,184.117,45.3822,90.7644
33.9749,67.9498,33.0167,66.0334
44.8965,89.7931,22.5914,45.1828
4.33887,8.67774,70.3899,140.78
53.8715,107.743,44.5776,89.1551
49.298,98.5961,43.2067,86.4135
32.9589,65.9178,51.6009,103.202
14.1926,28.3852,62.5787,125.157
53.3748,106.75,83.4493,166.899
71.7316,143.463,34.4165,68.8331
23.9949,47.9899,94.793,189.586
89.3441,178.688,14.9165,29.833
6.63989,13.2798,95.9982,191.996
99.8754,199.751,12.7365,25.4731
10.487,20.974,34.3247,68.6494
90.3199,180.64,85.5049,171.01
92.1961,184.392,4.1339,8.2678
89.8417,179.683,91.32,182.64
70.8547,141.709,55.2012,110.402
53.9598,107.92,93.2255,186.451
30.2141,60.4281,99.6966,199.393
2.63255,5.26509,83.4025,166.805
80.9146,161.829,93.7312,187.462
98.3366,196.673,67.4018,134.804
56.4885,112.977,67.7184,135.437
76.1803,152.361,41.5493,83.0987
12.1887,24.3774,9.63194,19.2639
59.542,119.084,69.3218,138.644
37.9379,75.8757,0.222887,0.445774
57.3753,114.751,89.9424,179.885
61.8257,123.651,32.5118,65.0236
54.8058,109.612,90.4882,180.976
14.1609,28.3217,79.4138,158.828
4.18916,8.37831,41.6364,83.2729
82.5804,165.161,28.1411,56.2821
12.3614,24.7229,28.6443,57.2886
92.2857,184.571,87.329,174.658
81.8837,163.767,17.3939,34.7878
79.6727,159.345,63.5947,127.189
77.346,154.692,11.0789,22.1579
29.9421,59.8841,40.576,81.1521
61.2965,122.593,55.6367,111.273
33.3855,66.7711,36.0772,72.1544
52.9465,105.893,87.5812,175.162
99.3005,198.601,96.8955,193.791
84.5736,169.147,81.2518,162.504
45.7326,91.4652,58.7219,117.444
7.54551,15.091,74.6895,149.379
20.4622,40.9245,89.5301,179.06
36.921,73.842,94.2084,188.417
32.0873,64.1747,75.6735,151.347
47.4338,94.8675,16.6458,33.2916
28.3291,56.6583,26.4006,52.8012
79.4983,158.997,44.6189,89.2379
55.0199,110.04,13.0665,26.1329
85.607,171.214,94.7641,189.528
54.0551,108.11,8.42937,16.8587
3.14386,6.28772,62.0703,124.141
2.60474,5.20947,53.9485,107.897
95.6996,191.399,35.7522,71.5044
29.2598,58.5196,99.8434,199.687
70.7728,141.546,52.7765,105.553
7.7889,15.5778,55.7205,111.441
90.7472,181.494,73.5514,147.103
72.6168,145.234,25.2024,50.4049
95.594,191.188,75.1378,150.276
81.2139,162.428,16.1632,32.3264
80.2323,160.465,71.8436,143.687
12.8774,25.7547,44.8765,89.7529
15.8539,31.7078,68.3274,136.655
20.188,40.3761,49.065,98.1299
74.9736,149.947,69.3107,138.621
53.7244,107.449,85.0429,170.086
36.4329,72.8657,45.9029,91.8057
17.1092,34.2184,18.1931,36.3862
84.0242,168.048,19.4255,38.851
37.754,75.508,27.5182,55.0365
94.0254,188.051,91.5708,183.142
85.7918,171.584,75.5308,151.062
77.8382,155.676,19.2986,38.5972
53.6693,107.339,11.5259,23.0517
69.9735,139.947,43.6598,87.3196
87.2265,174.453,55.8923,111.785
26.8754,53.7507,67.0172,134.034
97.8903,195.781,81.9257,163.851
21.1399,42.2798,8.83939,17.6788
22.0956,44.1911,33.6139,67.2279
3.98865,7.9773,26.7985,53.5971
57.5258,115.052,40.125,80.2501
88.6437,177.287,8.04622,16.0924
34.206,68.4121,2.17294,4.34589
88.0878,176.176,10.414,20.8279
24.4095,48.819,80.8959,161.792
17.596,35.1921,51.903,103.806
77.6364,155.273,20.9361,41.8722
15.9745,31.9491,0.20374,0.40748
64.7639,129.528,6.92237,13.8447
83.5748,167.15,33.3311,66.6621
35.0403,70.0806,84.8689,169.738
63.3292,126.658,59.1429,118.286
60.8434,121.687,7.6273,15.2546
41.3783,82.7567,37.2975,74.595
66.5838,133.168,39.8155,79.6309
50.4295,100.859,71.8098,143.62
78.4299,156.86,34.4545,68.909
12.5711,25.1422,99.547,199.094
10.4722,20.9445,54.1225,108.245
40.086,80.172,93.7709,187.542
24.949,49.8979,16.2809,32.5619
0.882498,1.765,85.3838,170.768
72.6358,145.272,34.8491,69.6982
53.3802,106.76,3.16256,6.32512
77.7002,155.4,21.6896,43.3792
22.7714,45.5429,41.4789,82.9578
70.8913,141.783,25.2509,50.5018
67.7188,135.438,26.256,52.512
38.8409,77.6819,66.0386,132.077
49.4896,98.9792,91.8257,183.651
75.5855,151.171,92.7824,185.565
16.2595,32.5189,54.8804,109.761
32.4537,64.9074,3.94054,7.88108
50.338,100.676,67.0873,134.175
5.81461,11.6292,49.7406,99.4812
7.01948,14.039,74.6439,149.288
33.189,66.3781,62.6625,125.325
38.5574,77.1148,77.5037,155.007
76.4242,152.848,2.4395,4.879
22.3583,44.7165,32.11,64.2201
93.2356,186.471,46.3225,92.6449
23.7727,47.5454,35.6419,71.2838
63.7553,127.511,70.1629,140.326
59.1999,118.4,20.5813,41.1626
86.9052,173.81,54.7939,109.588
80.3654,160.731,73.377,146.754
19.9664,39.9327,36.3588,72.7177
17.2952,34.5904,81.7321,163.464
13.107,26.214,71.6399,143.28
48.3424,96.6849,78.1499,156.3
57.2195,114.439,98.2652,196.53
45.5746,91.1493,86.5239,173.048
65.2033,130.407,91.027,182.054
89.2693,178.539,17.7154,35.4309
77.1184,154.237,50.9056,101.811
46.3044,92.6088,65.0957,130.191
96.3485,192.697,21.1992,42.3984
1.44015,2.8803,74.0459,148.092
54.8585,109.717,52.2755,104.551
51.5826,103.165,58.1418,116.284
19.7863,39.5726,39.5333,79.0666
72.8745,145.749,12.5035,25.0071
52.8016,105.603,57.9063,115.813
28.9928,57.9857,72.7197,145.439
79.8551,159.71,74.4208,148.842
29.3946,58.7893,92.5257,185.051
85.5949,171.19,58.0874,116.175
6.64859,13.2972,32.1817,64.3635
77.0763,154.153,12.2467,24.4934
75.8087,151.617,68.347,136.694
79.6367,159.273,25.4248,50.8495
69.7646,139.529,16.8939,33.7878
25.2529,50.5058,50.0986,100.197
11.7477,23.4955,17.3066,34.6131
18.1896,36.3792,1.03264,2.06529
10.4681,20.9361,87.5031,175.006
95.3736,190.747,73.5942,147.188
10.3825,20.7651,15.9966,31.9933
26.9725,53.9451,94.7987,189.597
35.5428,71.0857,24.6163,49.2325
29.0955,58.1909,41.9672,83.9344
47.9624,95.9248,11.3591,22.7182
57.1938,114.388,88.1692,176.338
28.4439,56.8877,73.266,146.532
11.5855,23.171,57.62,115.24
90.1453,180.291,86.7185,173.437
66.1162,132.232,21.5753,43.1507
69.5478,139.096,81.881,163.762
73.4018,146.804,60.131,120.262
88.4864,176.973,94.8078,189.616
69.798,139.596,95.7815,191.563
97.1543,194.309,1.22967,2.45933
76.2349,152.47,21.4519,42.9038
48.7444,97.4888,0.721517,1.44303
88.995,177.99,1.56639,3.13279
64.2205,128.441,2.59539,5.19078
95.8378,191.676,25.0462,50.0924
55.0226,110.045,80.07,160.14
11.163,22.3259,36.6519,73.3039
88.6015,177.203,4.64399,9.28798
41.7867,83.5733,12.3214,24.6427
4.75908,9.51816,97.723,195.446
84.9725,169.945,83.6579,167.316
93.1257,186.251,93.5736,187.147
80.1226,160.245,40.9486,81.8971
19.0899,38.1799,94.0017,188.003
72.4183,144.837,91.3773,182.755
53.9622,107.924,65.9139,131.828
33.1121,66.2241,89.2473,178.495
22.9744,45.9488,17.5858,35.1716
92.3832,184.766,4.50163,9.00325
87.1085,174.217,90.3671,180.734
88.753,177.506,95.244,190.488
1.12459,2.24918,85.1851,170.37
9.58103,19.1621,7.08225,14.1645
86.4102,172.82,76.4522,152.904
66.1143,132.229,98.9757,197.951
78.3347,156.669,50.01,100.02
84.4276,168.855,93.916,187.832
8.91731,17.8346,64.2988,128.598
28.8692,57.7383,13.6644,27.3288
79.1464,158.293,86.1328,172.266
86.6901,173.38,38.0478,76.0956
52.9988,105.998,98.3285,196.657
27.556,55.112,81.0655,162.131
49.6305,99.2609,69.1931,138.386
60.5382,121.076,21.6246,43.2493
76.6533,153.307,74.7867,149.573
22.0078,44.0157,30.4411,60.8821
39.3161,78.6323,45.1423,90.2847
39.3169,78.6338,75.247,150.494
44.49,88.98,64.4561,128.912
27.5078,55.0156,0.00710781,0.0142156
26.3166,52.6332,21.6935,43.3871
35.9172,71.8344,81.3422,162.684
5.76527,11.5305,54.8147,109.629
78.1137,156.227,98.1862,196.372
87.545,175.09,68.4199,136.84
3.08876,6.17752,33.9777,67.9554
29.0254,58.0508,78.3736,156.747
28.9721,57.9441,61.1317,122.263
8.94786,17.8957,13.6359,27.2717
81.07,162.14,57.5417,115.083
20.6487,41.2974,29.6248,59.2496
63.1124,126.225,94.5605,189.121
25.3607,50.7213,46.0826,92.1651
42.6612,85.3225,91.8197,183.639
97.6356,195.271,76.8761,153.752
38.1555,76.3109,45.1444,90.2887
82.771,165.542,99.3545,198.709
34.0068,68.0136,80.7926,161.585
13.6164,27.2327,54.7174,109.435
97.0586,194.117,66.507,133.014
26.3464,52.6928,79.1305,158.261
92.8956,185.791,39.5045,79.009
0.988498,1.977,92.6229,185.246
83.2836,166.567,45.4804,90.9608
10.8117,21.6234,34.3577,68.7154
87.0993,174.199,10.88,21.76
61.8159,123.632,35.5396,71.0793
38.6896,77.3791,43.4725,86.9449
28.8821,57.7642,19.6198,39.2396
16.4286,32.8572,95.7544,191.509
6.40299,12.806,89.1598,178.32
24.5378,49.0757,16.398,32.7961
61.8209,123.642,3.75155,7.5031
25.6009,51.2018,1.00736,2.01472
20.1877,40.3754,50.4281,100.856
47.7101,95.4201,55.8357,111.671
45.1312,90.2624,13.5844,27.1687
73.2498,146.5,79.4686,158.937
27.3199,54.6398,60.3872,120.774
12.692,25.384,70.5676,141.135
10.0631,20.1262,59.4796,118.959
71.1385,142.277,82.1058,164.212
33.8739,67.7478,45.5602,91.1203
30.5432,61.0864,63.0241,126.048
55.9034,111.807,11.0785,22.157
27.6915,55.3829,42.6899,85.3798
13.4012,26.8024,18.1375,36.2749
3.63009,7.26019,56.7632,113.526
61.794,123.588,55.7587,111.517
32.0031,64.0062,93.951,187.902
6.86896,13.7379,73.854,147.708
78.6999,157.4,44.7852,89.5703
69.6806,139.361,37.6928,75.3856
54.2172,108.434,15.7857,31.5715
79.273,158.546,82.213,164.426
34.7919,69.5838,93.0461,186.092
93.4064,186.813,9.4243,18.8486
63.52,127.04,86.6101,173.22
13.3321,26.6641,75.7917,151.583
69.9044,139.809,15.068,30.136
27.8944,55.7889,1.19431,2.38863
50.6317,101.263,61.4094,122.819
35.7011,71.4022,78.9985,157.997
38.7418,77.4835,32.9727,65.9454
57.3488,114.698,58.3115,116.623
59.8242,119.648,99.2119,198.424
8.5874,17.1748,81.5554,163.111
31.3844,62.7689,92.8391,185.678
85.517,171.034,39.0869,78.1738
30.5576,61.1153,96.4406,192.881
89.4471,178.894,80.8231,161.646
82.1058,164.212,92.1415,184.283
94.6981,189.396,50.0614,100.123
89.9695,179.939,79.2044,158.409
66.968,133.936,49.6772,99.3544
2.00802,4.01605,50.2688,100.538
39.652,79.3039,38.933,77.8659
41.5082,83.0165,34.6675,69.335
38.7235,77.4471,76.3667,152.733
41.0744,82.1487,50.866,101.732
74.7482,149.496,80.3107,160.621
68.8589,137.718,68.0717,136.143
94.2411,188.482,11.4351,22.8701
23.092,46.184,78.312,156.624
18.1128,36.2255,44.8247,89.6493
93.7986,187.597,57.5771,115.154
26.4331,52.8662,20.2673,40.5345
97.1948,194.39,62.2581,124.516
67.6155,135.231,96.283,192.566
81.3274,162.655,32.0529,64.1058
33.7506,67.5013,76.6387,153.277
36.4046,72.8092,20.963,41.926
0.518878,1.03776,33.538,67.076
84.5604,169.121,5.06237,10.1247
98.505,197.01,7.25315,14.5063
41.3325,82.665,90.781,181.562
42.4447,84.8893,54.4567,108.913
61.4641,122.928,33.7433,67.4867
35.4846,70.9692,10.8465,21.693
25.6647,51.3293,88.9574,177.915
8.54725,17.0945,34.2817,68.5634
12.1337,24.2673,30.1722,60.3445
75.3101,150.62,69.9988,139.998
34.4183,68.8366,36.7094,73.4189
1.72749,3.45498,12.6327,25.2654
52.0671,104.134,76.7159,153.432
62.7566,125.513,15.1317,30.2634
38.7998,77.5995,49.4147,98.8294
12.517,25.034,43.8057,87.6114
32.2733,64.5467,77.5966,155.193
47.7294,95.4588,12.9583,25.9165
48.3508,96.7016,30.6262,61.2525
56.2008,112.402,94.7983,189.597
30.8609,61.7219,67.9077,135.815
58.9827,117.965,35.0763,70.1525
90.5161,181.032,11.3277,22.6555
26.1721,52.3442,10.6217,21.2435
9.40181,18.8036,15.2388,30.4775
65.3648,130.73,14.6988,29.3977
33.4844,66.9688,29.3149,58.6298
60.8072,121.614,38.9559,77.9118
37.7843,75.5685,15.4024,30.8049
72.5999,145.2,13.5703,27.1407
21.4883,42.9766,98.4245,196.849
2.5055,5.01101,32.4265,64.853
68.9531,137.906,72.5665,145.133
24.6673,49.3347,36.133,72.266
60.9736,121.947,56.0246,112.049
33.4361,66.8721,53.1113,106.223
50.4091,100.818,72.9681,145.936
52.092,104.184,34.1998,68.3996
54.7573,109.515,62.1648,124.33
39.4183,78.8365,1.44639,2.89279
39.151,78.302,11.9543,23.9086
28.7184,57.4369,1.07538,2.15076
52.7617,105.523,50.4959,100.992
26.7544,53.5087,97.5651,195.13
55.9508,111.902,46.3162,92.6325
59.1391,118.278,24.2731,48.5463
28.7064,57.4127,42.4094,84.8187
93.6795,187.359,64.0316,128.063
82.5729,165.146,86.4419,172.884
35.9855,71.9709,87.9817,175.963
18.5138,37.0276,2.05498,4.10996
66.1698,132.34,81.2179,162.436
96.0451,192.09,86.0197,172.039
4.39802,8.79605,6.7873,13.5746
5.1151,10.2302,25.8966,51.7932
49.5575,99.1149,44.4099,88.8198
92.5988,185.198,90.5346,181.069
41.5915,83.183,8.62118,17.2424
73.3246,146.649,13.5255,27.0509
59.6241,119.248,63.9661,127.932
56.0686,112.137,54.3041,108.608
86.1442,172.288,56.3076,112.615
94.5973,189.195,34.7027,69.4055
37.9493,75.8987,6.33921,12.6784
41.1778,82.3555,25.1134,50.2267
21.6372,43.2745,16.1689,32.3378
35.9307,71.8613,80.8524,161.705
82.5243,165.049,18.5671,37.1341
98.0315,196.063,73.3003,146.601
54.0593,108.119,76.0544,152.109
68.9253,137.851,11.4384,22.8767
13.0165,26.0329,17.8253,35.6506
80.1844,160.369,41.9801,83.9602
54.9455,109.891,64.7214,129.443
39.8061,79.6123,44.5015,89.003
79.8516,159.703,22.1223,44.2447
77.4802,154.96,48.8126,97.6252
71.8082,143.616,76.5101,153.02
4.8193,9.6386,91.8027,183.605
91.8132,183.626,66.1621,132.324
12.4582,24.9164,58.016,116.032
4.28359,8.56718,37.688,75.3761
99.6384,199.277,25.959,51.9181
8.49503,16.9901,91.4236,182.847
96.3093,192.619,25.7928,51.5856
68.1884,136.377,59.8366,119.673
46.8159,93.6317,15.6147,31.2294
99.3495,198.699,38.2114,76.4228
91.6924,183.385,29.6355,59.2709
92.3857,184.771,70.1199,140.24
79.1524,158.305,48.1466,96.2932
48.3984,96.7968,80.1426,160.285
61.4224,122.845,31.9433,63.8866
56.2218,112.444,44.4008,88.8016
92.4514,184.903,65.2494,130.499
7.87629,15.7526,13.7868,27.5736
78.3985,156.797,74.6465,149.293
22.8376,45.6752,16.7054,33.4107
14.4093,28.8186,42.0581,84.1162
19.7183,39.4366,62.4186,124.837
97.8862,195.772,0.842735,1.68547
46.6378,93.2756,39.7735,79.547
92.8185,185.637,63.095,126.19
69.2875,138.575,71.8649,143.73
27.1679,54.3359,95.5969,191.194
67.0036,134.007,41.458,82.916
4.01962,8.03924,52.4679,104.936
59.7903,119.581,15.8278,31.6556
67.8164,135.633,99.5112,199.022
25.7911,51.5822,45.328,90.656
61.4294,122.859,50.6934,101.387
40.9371,81.8742,56.1765,112.353
0.701078,1.40216,28.1795,56.359
0.398875,0.79775,70.8693,141.739
10.0529,20.1058,40.242,80.4841
67.5937,135.187,0.385116,0.770232
69.9691,139.938,81.7599,163.52
21.7751,43.5503,77.0986,154.197
41.0468,82.0937,4.89257,9.78515
42.6489,85.2977,2.06509,4.13017
53.8547,107.709,76.2185,152.437
94.1894,188.379,51.7962,103.592
98.2641,196.528,72.3412,144.682
14.7976,29.5952,78.3703,156.741
24.1962,48.3925,68.7814,137.563
74.7165,149.433,50.7255,101.451
60.2088,120.418,21.0112,42.0225
33.7825,67.5649,33.5453,67.0907
48.4511,96.9022,83.5728,167.146
7.98558,15.9712,25.0941,50.1881
50.5037,101.007,51.3786,102.757
13.597,27.1941,39.9826,79.9651
96.9611,193.922,57.8794,115.759
41.9057,83.8114,93.1913,186.383
21.0299,42.0598,76.0218,152.044
30.2065,60.413,93.2148,186.43
23.5095,47.019,20.3887,40.7774
84.8739,169.748,36.9816,73.9633
38.0327,76.0655,38.1802,76.3604
17.0922,34.1843,28.5674,57.1349
46.8201,93.6402,34.2781,68.5563
55.1117,110.223,97.0998,194.2
37.3178,74.6356,44.8909,89.7819
83.5939,167.188,32.8019,65.6039
71.0934,142.187,51.8546,103.709
50.3001,100.6,26.2813,52.5626
21.1394,42.2788,97.804,195.608
85.5933,171.187,85.3239,170.648
61.569,123.138,40.9539,81.9078
24.457,48.9141,43.4911,86.9823
58.2233,116.447,41.0714,82.1428
91.8789,183.758,61.694,123.388
16.1165,32.233,97.5375,195.075
64.6722,129.344,8.59014,17.1803
23.7303,47.4605,56.0777,112.155
47.4587,94.9175,21.3314,42.6629
73.3178,146.636,16.3754,32.7508
86.1964,172.393,59.2474,118.495
68.0092,136.018,20.7254,41.4508
1.60981,3.21962,53.6829,107.366
41.0358,82.0716,33.5955,67.191
20.2605,40.521,67.4616,134.923
55.7682,111.536,11.0328,22.0656
16.8804,33.7609,89.0232,178.046
35.3346,70.6692,20.9366,41.8732
81.5944,163.189,96.5385,193.077
3.2131,6.42621,86.4341,172.868
54.8383,109.677,78.47,156.94
82.9169,165.834,56.5531,113.106
2.55308,5.10617,31.4539,62.9078
8.09183,16.1837,71.0916,142.183
87.2868,174.574,37.0911,74.1822
40.0612,80.1224,45.1196,90.2392
45.3857,90.7714,76.2952,152.59
80.397,160.794,17.2389,34.4777
25.0947,50.1893,69.3153,138.631
8.99744,17.9949,53.0093,106.019
42.9541,85.9081,1.64044,3.28089
94.453,188.906,10.7199,21.4398
87.0102,174.02,14.6894,29.3788
7.14798,14.296,36.3498,72.6996
63.1556,126.311,67.7628,135.526
44.5414,89.0828,74.0908,148.182
8.47909,16.9582,15.0673,30.1345
87.6976,175.395,22.3073,44.6146
4.62185,9.24369,23.5389,47.0778
60.6145,121.229,48.9673,97.9346
27.317,54.6339,49.8258,99.6516
35.2007,70.4015,23.3197,46.6394
39.7856,79.5713,87.0805,174.161
52.3954,104.791,44.2146,88.4292
67.6408,135.282,84.6709,169.342
76.5005,153.001,37.2632,74.5264
4.86994,9.73988,15.8792,31.7583
33.7041,67.4082,99.3117,198.623
97.9145,195.829,54.2538,108.508
48.5308,97.0616,80.0322,160.064
37.9734,75.9468,85.7779,171.556
93.1703,186.341,95.8384,191.677
27.3434,54.6869,48.6464,97.2929
10.7514,21.5028,39.3277,78.6554
91.5997,183.199,92.4303,184.861
81.4977,162.995,74.9787,149.957
33.467,66.934,0.0513528,0.102706
68.2308,136.462,12.3113,24.6226
53.7898,107.58,85.724,171.448
27.4175,54.835,9.29375,18.5875
41.0882,82.1763,61.0874,122.175
35.0995,70.1989,63.4757,126.951
2.64606,5.29211,39.5654,79.1308
47.5351,95.0702,70.3712,140.742
6.8925,13.785,90.1931,180.386
1.21136,2.42271,42.9782,85.9564
3.84412,7.68824,23.3752,46.7505
33.8574,67.7149,10.1775,20.355
10.225,20.45,22.1167,44.2334
57.8406,115.681,72.6004,145.201
15.1571,30.3143,16.8628,33.7255
62.019,124.038,36.7265,73.4529
79.3503,158.701,40.6348,81.2696
34.077,68.154,87.3767,174.753
28.2283,56.4566,48.2507,96.5014
93.7413,187.483,82.2556,164.511
1.62441,3.24881,7.6725,15.345
45.6854,91.3708,1.53775,3.07551
34.1121,68.2241,90.2493,180.499
54.748,109.496,76.4284,152.857
16.6606,33.3212,71.119,142.238
68.161,136.322,63.218,126.436
9.36637,18.7327,71.9046,143.809
90.1396,180.279,89.1413,178.283
77.5782,155.156,62.7639,125.528
52.8536,105.707,82.0762,164.152
72.7128,145.426,2.52004,5.04008
53.9676,107.935,9.63744,19.2749
63.2924,126.585,67.4869,134.974
64.8759,129.752,68.84,137.68
99.5534,199.107,43.8189,87.6378
85.3634,170.727,56.084,112.168
49.084,98.168,95.8154,191.631
71.6519,143.304,28.0917,56.1834
30.0077,60.0154,43.1319,86.2638
18.7029,37.4057,15.9758,31.9516
96.6315,193.263,7.80448,15.609
97.1378,194.276,28.2976,56.5952
50.3611,100.722,87.4048,174.81
0.388615,0.77723,79.1218,158.244
47.0665,94.133,97.4819,194.964
98.8512,197.702,63.5194,127.039
20.2751,40.5502,40.9786,81.9572
42.8909,85.7818,83.0671,166.134
65.8418,131.684,51.2143,102.429
30.549,61.0979,81.9644,163.929
32.7667,65.5334,12.7361,25.4721
27.5009,55.0019,7.67969,15.3594
92.8374,185.675,46.3041,92.6083
52.2513,104.503,69.1808,138.362
80.3236,160.647,7.60442,15.2088
43.5115,87.0231,18.4498,36.8997
94.899,189.798,35.6839,71.3678
71.9207,143.841,97.2957,194.591
35.1084,70.2167,78.5188,157.038
96.7103,193.421,96.055,192.11
74.53,149.06,77.2093,154.419
97.1927,194.385,64.0309,128.062
89.9034,179.807,9.31826,18.6365
76.5306,153.061,39.5297,79.0594
27.9753,55.9506,8.51092,17.0218
36.1602,72.3205,44.5538,89.1077
84.2776,168.555,68.1281,136.256
51.7418,103.484,97.2176,194.435
15.5549,31.1098,16.4298,32.8595
88.2317,176.463,97.2403,194.481
74.8808,149.762,40.1077,80.2153
81.6966,163.393,94.9335,189.867
33.6322,67.2644,89.5226,179.045
68.2992,136.598,99.3249,198.65
95.7217,191.443,25.3098,50.6195
47.9951,95.9903,86.2822,172.564
16.3273,32.6546,9.00032,18.0006
5.54339,11.0868,36.562,73.1239
11.1432,22.2864,97.0222,194.044
74.3243,148.649,33.583,67.1659
24.5569,49.1139,74.2336,148.467
33.7645,67.5289,41.8319,83.6638
87.218,174.436,49.7772,99.5544
5.74076,11.4815,83.4324,166.865
79.1117,158.223,69.0861,138.172
22.9686,45.9372,43.1759,86.3518
89.6088,179.218,49.1828,98.3656
76.7047,153.409,29.5241,59.0482
5.1394,10.2788,27.4017,54.8035
61.8131,123.626,97.4746,194.949
20.7661,41.5322,73.666,147.332
23.4387,46.8774,62.3979,124.796
45.9781,91.9561,44.4326,88.8653
43.9742,87.9484,68.1644,136.329
9.50845,19.0169,62.5382,125.076
34.2064,68.4128,39.4265,78.853
53.5199,107.04,11.2667,22.5334
12.6853,25.3706,61.5407,123.081
53.7544,107.509,15.5671,31.1342
42.8547,85.7094,27.8313,55.6625
1.75443,3.50885,63.3359,126.672
10.0419,20.0838,44.2823,88.5646
1.48875,2.9775,97.655,195.31
17.3902,34.7804,64.6859,129.372
12.9698,25.9397,51.7756,103.551
21.9925,43.985,14.3436,28.6873
29.7152,59.4304,46.204,92.4079
65.7507,131.501,19.5318,39.0635
3.98478,7.96955,94.3012,188.602
58.6745,117.349,32.3238,64.6475
44.4426,88.8853,51.3122,102.624
19.1657,38.3314,40.8206,81.6413
11.2054,22.4109,73.4291,146.858
48.18,96.36,28.7156,57.4311
47.3802,94.7604,31.5609,63.1218
25.7818,51.5635,56.9367,113.873
82.5881,165.176,17.1023,34.2046
74.1995,148.399,12.1566,24.3132
31.9267,63.8535,24.153,48.3059
30.1833,60.3666,52.174,104.348
86.636,173.272,57.3338,114.668
33.2082,66.4163,94.4357,188.871
74.8744,149.749,52.3994,104.799
55.506,111.012,72.5917,145.183
6.25791,12.5158,5.02914,10.0583
43.5247,87.0494,64.2636,128.527
50.1585,100.317,54.9044,109.809
65.3239,130.648,91.4874,182.975
96.3703,192.741,84.5665,169.133
6.10151,12.203,82.4615,164.923
35.4653,70.9306,84.7938,169.588
29.3049,58.6097,38.025,76.05
71.0761,142.152,72.131,144.262
12.389,24.7779,97.4181,194.836
36.8967,73.7933,29.1721,58.3442
52.6147,105.229,7.57141,15.1428
54.5277,109.055,55.9051,111.81
49.2185,98.4371,29.724,59.4481
42.9917,85.9834,47.7876,95.5752
97.9899,195.98,72.2863,144.573
60.5954,121.191,27.117,54.234
95.9985,191.997,35.4807,70.9614
43.7629,87.5258,29.6952,59.3905
80.8351,161.67,18.105,36.2099
94.5199,189.04,22.4363,44.8727
9.94915,19.8983,56.9068,113.814
88.7792,177.558,53.8148,107.63
42.0223,84.0445,37.1712,74.3425
45.8822,91.7644,78.0271,156.054
31.0114,62.0229,81.8372,163.674
27.0506,54.1012,83.3237,166.647
2.76104,5.52208,11.33,22.66
40.3163,80.6325,78.9604,157.921
16.3907,32.7814,76.9507,153.901
31.8323,63.6646,25.6054,51.2108
10.5943,21.1886,2.41747,4.83494
86.6809,173.362,41.2792,82.5585
30.0418,60.0836,91.7923,183.585
62.1529,124.306,24.1166,48.2331
1.96052,3.92104,48.5957,97.1915
46.6527,93.3055,69.5247,139.049
98.3577,196.715,64.2441,128.488
14.4677,28.9354,21.998,43.9961
12.1925,24.385,51.1691,102.338
31.3835,62.767,94.249,188.498
4.63373,9.26745,39.543,79.0859
70.6203,141.241,84.6621,169.324
5.20336,10.4067,5.83176,11.6635
34.7152,69.4303,90.6222,181.244
99.2735,198.547,72.5323,145.065
94.1027,188.205,55.7398,111.48
5.43093,10.8619,31.7732,63.5464
32.2871,64.5742,25.269,50.5381
49.7181,99.4363,40.0155,80.031
42.7099,85.4197,46.5837,93.1673
20.5064,41.0129,44.1847,88.3695
22.1998,44.3997,42.1845,84.3689
20.3958,40.7915,4.91302,9.82604
49.1922,98.3844,99.3307,198.661
98.7229,197.446,71.7241,143.448
43.201,86.402,84.1448,168.29
94.4395,188.879,71.6208,143.242
67.5137,135.027,7.99231,15.9846
37.5095,75.0189,65.4642,130.928
32.6797,65.3595,95.0731,190.146
75.5334,151.067,36.8982,73.7964
94.2695,188.539,91.9809,183.962
57.7848,115.57,63.8791,127.758
93.5323,187.065,6.20012,12.4002
61.3224,122.645,22.5329,45.0658
0.574294,1.14859,67.1711,134.342
41.8121,83.6243,55.0566,110.113
81.6892,163.378,41.6186,83.2371
4.88403,9.76807,12.8572,25.7145
99.9383,199.877,76.6536,153.307
89.0385,178.077,18.2484,36.4969
91.5635,183.127,14.7823,29.5645
57.5343,115.069,78.74,157.48
9.13902,18.278,81.3753,162.751
65.8304,131.661,10.7492,21.4984
51.3345,102.669,2.22353,4.44707
73.5752,147.15,66.1969,132.394
65.8047,131.609,67.4034,134.807
42.4205,84.841,32.5077,65.0154
77.6021,155.204,65.2361,130.472
85.5446,171.089,12.3571,24.7143
82.6602,165.32,63.5953,127.191
61.8187,123.637,18.8452,37.6904
61.41,122.82,20.1355,40.271
37.6231,75.2463,73.8566,147.713
64.8984,129.797,40.7542,81.5084
66.7257,133.451,38.6537,77.3075
34.1711,68.3422,29.104,58.208
46.7033,93.4066,7.9368,15.8736
64.158,128.316,77.0093,154.019
70.8091,141.618,28.8694,57.7387
14.4445,28.889,19.5934,39.1868
57.3491,114.698,87.2105,174.421
59.5595,119.119,75.0307,150.061
3.97164,7.94327,28.63,57.2601
5.09983,10.1997,74.6828,149.366
45.2477,90.4954,11.6433,23.2865
63.7913,127.583,39.6296,79.2592
42.8974,85.7948,32.6046,65.2091
64.2155,128.431,82.5127,165.025
69.0772,138.154,17.7883,35.5765
11.9235,23.8469,55.2262,110.452
22.8948,45.7896,10.939,21.8779
37.0548,74.1095,84.9674,169.935
40.541,81.0819,5.06186,10.1237
46.9994,93.9987,58.7477,117.495
72.2323,144.465,98.143,196.286
62.1226,124.245,90.3888,180.778
35.8086,71.6172,90.7519,181.504
76.9502,153.9,18.378,36.756
73.0443,146.089,10.8594,21.7189
52.3875,104.775,82.8137,165.627
61.4155,122.831,19.9838,39.9675